"","Manufacturing_Lot","Mean","Median","Variance","SD"
"1","Lot1",1500,1500,0.979591836734694,0.989743318610787
"2","Lot2",1500.2,1500,7.46938775510204,2.73301806710128
"3","Lot3",1496.14,1498.5,170.28612244898,13.0493724925369
