"","Mean","Median","Variance","SD"
"1",1498.78,1500,62.2935570469799,7.89262675203762
